Codigo,Descripcion,Precio,Rubro
3016,ACCESORIOS CABLE CANAL 20X10,20086,
3015,ACCESORIOS CABLE CANAL MULTIPLE,20086,
SH5,ACEITE SAPHIRUS,279531,
1035,ADAPTADOR P/ALEMAN,282929,
ATRAV,ADAPTADOR TRAVEL SIMPLE,200013,
D32,ADAPTADOR UNIVERSAL P/RIEL DIN 32A,422254,
AUNIV,ADAPTADOR UNIVERSAL VIAJERO,450120,
1036,ADAPTADORA 2A3,282929,
SH1,AEROSOL SAPHIRUS,424695,
3395,AISLADOR MN16,395428,
ALED,ALAMBRE LUMINOSO LED 3 MTS FRIO/CALIDO,200013,
S217,"APLIQUE ""OSLO"" 2XAR111 BCO/NG/PLATIL",4465014,
4963,"APLIQUE ""PRAGA"" 2 LUCES NIQUEL",7000092,
4961,"APLIQUE ""SEÑORIAL"" 2 LUCES NIQUEL",7000092,
AP310,APLIQUE 1 LUZ BASE VIDRIO POMPEY,3737429,
AP420,APLIQUE 2 LUCES BASE VIDRIO CUBO,8210033,
AR3L,APLIQUE 3 LUCES BARRAL 3XAR111,4856701,
AP340,APLIQUE 4 LUCES BASE VIDRIO POMPEY,14047299,
AR111P,APLIQUE AR111 PARED 1L,1900340,
9111PLATIL,APLIQUE C/PANTALLA 1 LUZ PLATIL,3645810,
8005/1,APLIQUE CABEZAL 8005 1XGU10,1427800,
8005/2,APLIQUE CABEZAL 8005 2XGU10,2764245,
8005/3,APLIQUE CABEZAL 8005 3XGU10,3984772,
GU10P,APLIQUE DICRO GU10 PARED 1L,1640107,
151N,APLIQUE FAROL ASTRO,5465613,
4605/1PLATIL,APLIQUE G9 1 LUZ C/BARRAL,3091703,
AP128,"APLIQUE JAULA ""PORTO"" 1XE27",1615772,
AP228,"APLIQUE JAULA ""PORTO"" 2XE27",3410648,
AP117,APLIQUE JAULA CABLE TEXTIL,2785494,
AP-JAULA,APLIQUE JAULA TUBO/RAYO,2549020,
2809,APLIQUE MADERA 2 LUCES C/HIERRO,14403853,
0013,APLIQUE MONOVOLUMEN REDONDO GU10 BCO/NG,642944,
AP163,APLIQUE ORLEANS,2785494,
0014,APLIQUE SEMIEMBUTIDO REDONDO GU10 BCO/NG,568776,
9022,APLIQUE STAR 2 LUCES BCO/NG/PLATIL,6069602,
113,APLIQUE VENTILADOR DE TECHO PVC,1329657,
1003,ARAÑA 3 LUCES VENTILADOR DORADO/PLATIL,4671067,
AR005,ARAÑA 4 LUCES C/CAIRELES P.ORGANZA,13498465,
AR500,ARAÑA 5 LUCES PLATIL C/PANTALLA CIRCULAR,13498465,
004-2L,ARAÑA VENTILADOR 2 LUCES B/N,1866700,
004-3L,ARAÑA VENTILADOR 3 LUCES B/N,2335121,
4404,ARAÑA VENTILADOR 3 LUCES MOVIL,5200864,
AV8,ARAÑA VINTAGE 8 LUCES,10496903,
VIDA3,ARBOL DE LA VIDA N3,389825,
ARO2,ARO LED C/PIE Y SOPORTE P/CELULAR,1296429,
ARO1,ARO LED RGB O 3 TONOS P/TRIPODE,1800117,
ST111,ARRANCADOR OSRAM ST111,89056,
ASPR,ASTRONAUTA PROYECTOR GALAXIA LASER,3000074,
3314,ATENUADOR 1500W RBC RIEL,759666,
3385,AUTOMATICO P/CAJA 5X10 SECUEN,3636534,
1050,AUTOMATICO PALIER 2 CABLES,3636534,
1051,AUTOMATICO PALIER 3 CABLES,3636534,
X25,BABACHA/TACITA PVC,45215,
BA13W,BAJO ALACENA 13W LED 90CM,750079,
BA18W,BAJO ALACENA 18W LED 120CM,900119,
BA5W,BAJO ALACENA 5W LED 30CM,516756,
BA60LL,BAJO ALACENA 60CM 9W CANDELA C/LLAVE,700348,
BA90LL,BAJO ALACENA 90CM 12W CANDELA C/LLAVE,790009,
BA9W,BAJO ALACENA 9W LED 60CM,602978,
BAR,BAJO ALACENA USB C/SENSOR 3 TONOS,1900063,
SF-400,BALANZA DIGITAL DE COCINA 10KG,750079,
16069,BALDE MOPA,507277,
B100,BANDEJA PERF.100X50MM X 3 MTS,2219932,
B150,BANDEJA PERF.150X50MM X 3 MTS,2581256,
B50,BANDEJA PERF.50X50MM X 3 MTS,1741651,
BAT3,BARRAL 3L NG/BCO/PLATIL 58X8,1500181,
80014L,BARRAL 4 LUCES AR111 BCO/NEGRO,9045735,
X33,BARRAL 4L NG/BCO 89CM,1487865,
X38,BARRAL RECTANG.11 LUCES 1165X22X156,3466802,
7929T2L,BARRAL RECTO 2 LUCES CUBETO,10285000,
7979PLATIL,BARRAL RECTO 3 LUCES PLATIL,10906963,
7800T2L,BARRAL S 2 LUCES TULIPA VIDRIO,8802879,
4209T3L,BARRAL S 3 LUCES GU10 CHAPA,9846352,
4409PLATIL,BARRAL S 3 LUCES PLATIL,10906963,
8909T4L,BARRAL S 4 LUCES GU10 CHAPA,14988822,
1083,BASE CHAPA 20CM P/FAROL,690888,
6026,BASE IND.2X16A+T,838688,
6027,BASE IND.3X16A,1112545,
6028,BASE IND.3X16A+T,1112545,
6031,BASE IND.3X32A,1026964,
6032,BASE IND.3X32A+T,1283706,
16B5P,BASE IND.EMB.16A 3P+N+T,3453461,
16B4P,BASE IND.EMB.16A 3P+T,3009149,
32B5P,BASE IND.EMB.32A 3P+N+T,4438522,
32B4P,BASE IND.EMB.32A 3P+T,4218181,
16E5P,BASE IND.EXT.16A 3P+N+T,6001600,
32E5P,BASE IND.EXT.32A 3P+N+T,8875108,
BNH000,BASE NH T000 160A,766293,
BP001,BASE PIEDRA C/PORTAVELAS,170801,
9V,BATERIA 9V ENERGIZER,785780,
9VE,BATERIA 9V EVEREADY,445976,
6001,BATERIA ALARMA 12V 7A,3445596,
5001,"BATERIA LUZ EMERG.6V 2,8A/4A",2117542,
7409,BIDIRECCIONAL 1/2 LUNA,3972898,
B1,BIDIRECCIONAL B-1,1683642,
B2,BIDIRECCIONAL B-2,1542819,
B3,BIDIRECCIONAL B-3,1548278,
B4,BIDIRECCIONAL B-4,1425602,
B5,BIDIRECCIONAL B-5,1045058,
B6,BIDIRECCIONAL B-6,1394845,
B7,BIDIRECCIONAL B-7,1548278,
BN28,BOLITA CRISTAL 28 LEDS 5 MTS,550066,
SH23,BOLSITAS DE PERLAS SAGRADA MADRE,199348,
BF5W,BOMBA DE AGUA P/FUENTE 5W C/LUZ,1434455,
SH16,BOMBITAS PARA SAHUMAR,199348,
2001,BORNERA PVC DIVISIBLE 10A,415538,
2002,BORNERA PVC DIVISIBLE 15A,559286,
2003,BORNERA PVC DIVISIBLE 20A,559286,
2004,BORNERA PVC DIVISIBLE 25A,653521,
2005,BORNERA PVC DIVISIBLE 30A,653521,
2000,BORNERA PVC DIVISIBLE 5A,387853,
1999,BORNERA UNIP.7 CONEXIONES C/ZOCALO,1113200,
8021,BOTON PULSADOR ABB NC O NA,606740,
2081APLICAR,BOX APLICAR 1 LUZ BCO/NG,2034706,
2082APLICAR,BOX APLICAR 2 LUCES BCO/NG,3535547,
2083APLICAR,BOX APLICAR 3 LUCES BCO/NG,5236747,
2084APLICAR,BOX APLICAR 4 LUCES BCO/NG,6704301,
BUDA1,BUDA/ELEFANTE DE SAL CHICO,1950036,
BUDA2,BUDA/ELEFANTE DE SAL GRANDE,2290046,
UBP,BULONERIA P/BANDEJAS,362181,
2070,BUSCAPOLO CHICO,210056,
2071,BUSCAPOLO GRANDE,310002,
2072,BUSCAPOLO SICA,190091,
SH19,CABEZA DE BUDA,614968,
8004,CABEZAL AR111 BCO/NEGRO,1078715,
8005,CABEZAL GU10 NG/BCO,783112,
CABR,CABEZAL P/RIEL BCO/NEGRO,1194779,
1009,CABLE 1X1 MM2 CABLEMEX,28436,
400,CABLE 1X1 MM2 CAELBI/BMOL,36748,
3153,CABLE 1X1 MM2 PIRELLI PRYSMIAN,60222,
1010,"CABLE 1X1,5 MM2 CABLEMEX",37081,
401,"CABLE 1X1,5 MM2 CAELBI/BMOL",57573,
3154,"CABLE 1X1,5 MM2 PIRELLI PRYSMIAN",82455,
3158,CABLE 1X10 MM2 PIRELLI PRYSMIAN,544409,
405,CABLE 1X10MM2 CAELBI/BMOL,340689,
3159,CABLE 1X16 MM2 PIRELLI PRYSMIAN,890875,
1011,"CABLE 1X2,5 MM2 CABLEMEX",52043,
402,"CABLE 1X2,5 MM2 CAELBI/BMOL",90652,
3155,"CABLE 1X2,5 MM2 PIRELLI PRYSMIAN",130607,
1012,CABLE 1X4 MM2 CABLEMEX,86304,
403,CABLE 1X4 MM2 CAELBI/BMOL,136888,
3156,CABLE 1X4 MM2 PIRELLI PRYSMIAN,203026,
1013,CABLE 1X6 MM2 CABLEMEX,137262,
404,CABLE 1X6 MM2 CAELBI/BMOL,202576,
3157,CABLE 1X6 MM2 PIRELLI PRYSMIAN,307588,
RCA,"CABLE ARMADO 2 RCA A STEREO 3,5MM 1,8MTS",130124,
HDMI,CABLE ARMADO HDMI,241945,
3340,CABLE ARMADO PLANCHA,660043,
3343,CABLE ARMADO VELADOR,350053,
3025,"CABLE BICOLOR 2X0,50 MM2",42665,
3026,"CABLE BICOLOR 2X0,75 MM2",57977,
3027,CABLE BICOLOR 2X1 MM2,109008,
3004,CABLE CANAL 100X50 ZOLODA,3955732,
3010,CABLE CANAL 14X7 C/AD,139087,
3013,CABLE CANAL 18X21 C/AD,226702,
3011,CABLE CANAL 20X10 C/AD,175087,
3003,CABLE CANAL 27X30 C/AD,504752,
3006,CABLE CANAL 30X10,249400,
3008,CABLE CANAL 40X30 C/AD ZOLODA,1385262,
3005,CABLE CANAL 55X30,760989,
SCH1010,CABLE CANAL SCHNEIDER 10X10 C/AD,381475,
SCH2012,CABLE CANAL SCHNEIDER 20X12 C/AD,406759,
3047,CABLE COAXIL RG6 GRUESO,42117,
3046,CABLE CONCENTRICO 4+4,38470,
3104,CABLE CONCENTRICO 6+6,92913,
3030,"CABLE CRISTAL 2X0,50 MM2",46130,
3031,"CABLE CRISTAL 2X0,75 MM2",62940,
3032,CABLE CRISTAL 2X1 MM2,79722,
CR10,CABLE DE RED 10 MTS,1000065,
CR20,CABLE DE RED 20 MTS,1500037,
CR30,CABLE DE RED 30 MTS,2000009,
CR5,CABLE DE RED 5 MTS,600039,
3075,"CABLE PARALELO 2X0,50 MM2",48096,
3076,"CABLE PARALELO 2X0,75 MM2",72419,
3077,CABLE PARALELO 2X1 MM2,87810,
3078,"CABLE PARALELO 2X1,5 MM2",130409,
3079,"CABLE PARALELO 2X2,5 MM2",209974,
3147,"CABLE SILICONADO 1X1,5 MM2",125879,
3100,"CABLE SUBTERRANEO 2X1,5 MM2",163385,
3101,"CABLE SUBTERRANEO 2X2,5 MM2",228260,
3102,CABLE SUBTERRANEO 2X4 MM2,350479,
3103,CABLE SUBTERRANEO 2X6 MM2,498344,
3106,"CABLE SUBTERRANEO 3X1,5 MM2",228260,
3107,"CABLE SUBTERRANEO 3X2,5 MM2",334672,
3113,"CABLE SUBTERRANEO 4X2,5 MM2",466012,
3114,CABLE SUBTERRANEO 4X4 MM2,726680,
3115,CABLE SUBTERRANEO 4X6 MM2,985336,
3060,CABLE TEL 1 PAR,15364,
3061,CABLE TEL 2 PAR,29516,
3062,CABLE TEL 3 PAR,45015,
3063,CABLE TEL 4 PAR,56875,
3065,CABLE TEL 6 PAR,77630,
3068,CABLE TEL ARMADO X 2 MTS,69898,
3069,CABLE TEL ARMADO X 4 MTS,104842,
3070,CABLE TEL ARMADO X 8 MTS,139788,
13096,CABLE TEL ESPIRALADO,139788,
3067,CABLE TEL FACHADA,28316,
10131,CABLE UTP CAT5 CORTE,84931,
3125,"CABLE V-RED 2X0,75 MM2",99502,
3126,CABLE V-RED 2X1 MM2,122290,
3127,"CABLE V-RED 2X1,5 MM2",167442,
3128,"CABLE V-RED 2X2,5 MM2",251092,
3129,CABLE V-RED 2X4 MM2,381308,
3130,CABLE V-RED 2X6 MM2,735965,
3131,"CABLE V-RED 3X0,75 MM2",150032,
3132,CABLE V-RED 3X1 MM2,156826,
3133,"CABLE V-RED 3X1,5 MM2",223350,
3134,"CABLE V-RED 3X2,5 MM2",360219,
3135,CABLE V-RED 3X4 MM2,641905,
3136,CABLE V-RED 3X6 MM2,776700,
3137,CABLE V-RED 4X1 MM2,226181,
3138,"CABLE V-RED 4X1,5 MM2",295960,
3139,"CABLE V-RED 4X2,5 MM2",449955,
3140,CABLE V-RED 4X4 MM2,798237,
3141,CABLE V-RED 4X6 MM2,1078152,
3143,CABLE V-RED 5X1 MM2,356689,
3144,"CABLE V-RED 5X1,5 MM2",409050,
3151,"CABLE V-RED 5X2,5 MM2",594467,
CACTUS,CACTUS CANTA Y BAILA,1090089,
10091,CAJA 10 DIN EXT.EMANAL,2145451,
3167,CAJA 12 DIN EMB.WELT,2094162,
3396,CAJA 12 DIN EXT.STARBOX,346393,
3238,CAJA 12 DIN EXT.WELT,2581172,
3236,CAJA 16 DIN EMB.EMANAL,1884091,
10045,CAJA 16 DIN EXT.EMANAL,2760373,
3239,CAJA 18 DIN EMB.WELT,2792242,
3235,CAJA 2 DIN EXT.KALOP,480007,
3150,CAJA 20 DIN EMB.EMANAL,2384305,
3152,CAJA 20 DIN EXT.EMANAL,3409780,
3242,CAJA 24 DIN EMB.WELT,3664514,
3377,CAJA 24 DIN EXT.WELT,4413943,
1488,CAJA 32 DIN EXT.EMANAL,5589716,
3237,CAJA 36 DIN EMB.STECK,6447485,
10000,CAJA 4 DIN EMB.EMANAL,851477,
1014,CAJA 4 DIN EMB.VARIPLAST,490050,
3241,CAJA 4 DIN EMB.WELT,987850,
3243,CAJA 4 DIN EXT.KALOP,600039,
10088,CAJA 6 DIN EMB.EMANAL,1120944,
10089,CAJA 6 DIN EXT.EMANAL,1888205,
3240,CAJA 8 DIN EMB.VARIPLAST,352836,
3234,CAJA 8 DIN EMB.WELT,1493662,
3250,CAJA 8 DIN EXT.WELT,1771683,
1027,CAJA 9 DIN EXT.STARBOX,280958,
3020,CAJA CABLE CANAL C/FONDO,110110,
8015,CAJA CAPSULADA C/TOMA MIG,550066,
1002,CAJA CAPSULADA TAAD DOBLE,330917,
10019,CAJA CAPSULADA TAAD SIMPLE,199950,
3170,CAJA CAPSULADA VACIA 16A,345424,
3174,CAJA CAPSULADA VACIA 32A,461173,
CC60A,CAJA CONEXION 60A C/BASES NH CONEXTUBE,9000672,
3185,CAJA CONEXION TRIF.63A P/BASE NH PVC,4424897,
3190,CAJA ESTANCO 115X115X110 TAAD,273978,
6037,CAJA ESTANCO 115X115X50 TAAD,205720,
10021,CAJA ESTANCO 115X115X80 TAAD,239849,
3191,CAJA ESTANCO 165X125X80 TAAD,606259,
3335,CAJA ESTANCO 75X75X35 TAAD,128457,
3192,CAJA ESTANCO 75X75X55 TAAD,145521,
3355,CAJA ESTANCO 90X90X55 TAAD,171118,
10037,CAJA ESTANCO 90X90X75 TAAD,197188,
13105,CAJA ESTANCO CIRCULAR TAAD,183577,
3228,CAJA HIERRO 10X10 EMB.,207272,
1021,CAJA HIERRO 10X10 PESADA EMB.,248557,
3229,CAJA HIERRO MIGNON EMB.,52151,
3226,CAJA HIERRO OCT.CHICA EMB.,52151,
3227,CAJA HIERRO OCT.GRANDE EMB.,176092,
3224,CAJA HIERRO PROFUNDA 10X5 EMB.,188210,
3230,CAJA HIERRO PROFUNDA OCTOGONAL EMB.,132273,
3225,CAJA HIERRO RECTANGULAR EMB.,52151,
CH11416,CAJA INDUSTRIAL 11TM + 4X16 FORLI,5070791,
CH216,CAJA INDUSTRIAL 2X16 FORLI,2387004,
3182,CAJA INSPECCION,171373,
3245,CAJA MEDIDOR MONOFASICA PVC,1635920,
3184,CAJA MEDIDOR TRIFASICA PVC,3270025,
3259,CAJA PASO GENROD 210X210X165,1665928,
3247,CAJA PASO WELT 100X100X100,438833,
3249,CAJA PASO WELT 100X100X70,388378,
3248,CAJA PASO WELT 150X110X70,566913,
3257,CAJA PASO WELT 190X140X70,972719,
3258,CAJA PASO WELT 240X190X100,1705132,
13041,CAJA PASO WELT 300X220X120,2207855,
3246,CAJA PASO WELT REDONDA C/TAPA,280115,
CPAA,CAJA PREINSTALACION AIRE ACONDICIONADO,559020,
1022,CAJA PVC 10X5 EMB.GENROD,61798,
13092,CAJA PVC CUADRADA 10X10 EMB.,149344,
10130,CAJA PVC MIGNON EMB.CONEXTUBE,97508,
3260,CAJA PVC OCT.CHICA EMB.,43802,
3261,CAJA PVC OCT.GRANDE EMB.,149852,
3291,CAJA PVC RECTANGULAR EMB.,43802,
BT20,"CAJA TIPO ""T"" P/CAÑO 20MM",193659,
SH26,CAJITA FELIZ DIA X2 VELAS,265561,
1020,CALEFON ELECTRICO 20 LTS,1215808,
2061,CALOVENTOR ELECTRICO 1000W/2000W,3350006,
CS01,CAMARA SEGURIDAD INTERIOR WIFI IPC-ZAS02,4900500,
13049,CAMPANA ALARMA 10CM 220V C/TRAFO,5861966,
3255,CAMPANA ALARMA 15CM 220V C/TRAFO,6448090,
15225,CAMPANA AZUL ACRILICA E27 31CM,1403013,
3406BCO-NG,CAMPANA VENTILADOR BCO/NG,2335542,
3406BRONCE,CAMPANA VENTILADOR BRONCE,2641618,
3251,CAMPANILLA EXTERIOR 10X10,2491390,
"1,5UF","CAPACITOR 1,5UF 450V",289448,
10UF,CAPACITOR 10UF 450V,702946,
"12,5UF","CAPACITOR 12,5UF 450V",756185,
14UF,CAPACITOR 14UF 450V,836242,
16UF,CAPACITOR 16UF 450V,1028856,
18UF,CAPACITOR 18UF 450V,1063996,
"2,5UF","CAPACITOR 2,5UF 450V",316662,
20UF,CAPACITOR 20UF 450V,1135467,
22UF,CAPACITOR 22UF 450V,1216713,
25UF,CAPACITOR 25UF 450V,1402060,
2UF,CAPACITOR 2UF 450V,300281,
"3,15UF","CAPACITOR 3,15UF 450V",436748,
30UF,CAPACITOR 30UF 450V,1667465,
35UF,CAPACITOR 35UF 450V,1821370,
40UF,CAPACITOR 40UF 450V,1999584,
45UF,CAPACITOR 45UF 450V,2298940,
4UF,CAPACITOR 4UF 450V,447185,
50UF,CAPACITOR 50UF 450V,2416912,
5UF,CAPACITOR 5UF 450V,522486,
6UF,CAPACITOR 6UF 450V,539264,
8UF,CAPACITOR 8UF 450V,634117,
330221,CARGADOR ENERGIZER C/PILAS,5232597,
LL03,CARGADOR LED RGB DOMO WIRELESS,4900016,
W32,CARGADOR PILAS RAYOBAK C/USB,5623608,
CARTEL,CARTEL LED LUMINOSO ABIERTO/OFERTA/ETC,2100076,
EXIT,CARTEL SALIDA DE EMERGENCIA,1353149,
SH18,CASCADITAS DE HUMO,520534,
CASE,CASETINA VACIA ARRANQUE/PARE,3581099,
32443,"CAÑITO ROSCADO 3/8"" X 3 CM",20086,
32445,"CAÑITO ROSCADO 3/8"" X 5 CM",30008,
1023,CAÑO BAJADA DOBLE AISL.PILAR,3751000,
CA20,CAÑO RIGIDO 20MM X 3MTS,240911,
CA22,CAÑO RIGIDO 22MM X 3MTS,285188,
CA25,CAÑO RIGIDO 25MM X 3MTS,369050,
CA32,CAÑO RIGIDO 32MM X 3MTS,499730,
13067,CERRADURA ELECTRICA,1679117,
3M10,CINTA 3M AISLADORA 10 MTS,294803,
CAN10,CINTA AISLADORA CANDELA 10 MTS,58909,
CAN20,CINTA AISLADORA CANDELA 20 MTS,107072,
CT10,CINTA AISLADORA TACSA 10 MTS,155235,
CT20,CINTA AISLADORA TACSA 20 MTS,268909,
3360,CINTA AUTOSOLDANTE 5 MTS,500093,
3256,CINTA HELICOIDAL 5/8,300688,
3366,CINTA PASACABLE X 10 MTS ALMA ACERO,842258,
3050,CINTA PASACABLE X 10 MTS PVC,410586,
3367,CINTA PASACABLE X 15 MTS ALMA ACERO,1072331,
3051,CINTA PASACABLE X 15 MTS PVC,508766,
3052,CINTA PASACABLE X 20 MTS PVC,553492,
3053,CINTA PASACABLE X 25 MTS PVC,629914,
3369,CINTA PASACABLE X 7 MTS ALMA ACERO,720573,
3365,CINTA PASACABLE X 7 MTS PVC,362100,
3368,CINTA VINI-TAPE 10 MTS,240064,
3358,CINTA VINI-TAPE 20 MTS,460042,
C347,"COLGANTE ""CHESTER"" 3XE27",8379113,
C196,"COLGANTE ""EGIPTO"" 32X32CM",3533891,
GALAX,"COLGANTE ""GALAXIA""",1560174,
C142,"COLGANTE ""GALPONERO"" ALUMINIO NJA/BORDO",4864064,
9901,COLGANTE 1 LUZ CUADRADO PERFORADO,3718324,
9905,COLGANTE 2 LUCES PERFORADO,6801619,
C3007,COLGANTE 3 LUCES CUBO,7699691,
9903,COLGANTE 3 LUCES PERFORADO,10226547,
ALP40,COLGANTE ALPILLERA 40CM,2303718,
ALP45,COLGANTE ALPILLERA 45CM,2362694,
ALP50,COLGANTE ALPILLERA 50CM,2540537,
152N,COLGANTE APOLO C/REJA,9169361,
C1018,COLGANTE ATOMO,2021815,
3091,COLGANTE BASQUET ARO+PELOTA,11482900,
C115CB,COLGANTE C/COPETE COBRE 35CM,4900500,
7791,COLGANTE CAMPANA VIDRIO FUME COBRE,4646400,
CH7,COLGANTE CHAPA 1/2 ESFERA,3051471,
CH8,COLGANTE CHAPA 1/2 ESFERA GRANDE,5690667,
C136CB,COLGANTE CHAPA 32CM COBRE PULIDO,1962458,
CH9,COLGANTE CHAPA 4 LUCES,6419344,
CH6,COLGANTE CHAPA C/COPETE,2622550,
CH4,COLGANTE CHAPA CAMPANA CHICA,1980044,
CH5,COLGANTE CHAPA GRANDE OVNI,2590005,
7787,COLGANTE CHATO VIDRIO FUME COBRE,3900072,
3404PLATIL,COLGANTE CILINDRO 1 LUZ,2342737,
34042L,COLGANTE CILINDRO 2 LUCES,6166902,
34043L,COLGANTE CILINDRO 3 LUCES,8813034,
9904,COLGANTE CIRCULAR PERFORADO,3983479,
5875,COLGANTE CONICO COPETE COBRE MATE,3802185,
5870,COLGANTE CONO 32CM MADERA CABLE TEXTIL,4809414,
9912,COLGANTE CUBIX 2 LUCES RECTANGULAR,4972102,
9913,COLGANTE CUBIX 3 LUCES RECTANGULAR,7237403,
99152L,COLGANTE CUBIX DOBLE PIRAMIDE,5211020,
9915,COLGANTE CUBIX PIRAMIDE 1 LUZ,1739757,
7018,COLGANTE DANESA 2 LUCES,7900090,
7019,COLGANTE DANESA 3 LUCES,11500082,
CD311,COLGANTE DESNIVEL 3 LUCES TULIPA SATIN,9552189,
5019,COLGANTE ESFERA VIDRIO COLOR C/PLATIL,8171707,
GAIA,COLGANTE GAIA MADERA TEXTIL,3040414,
C1014,COLGANTE GEO CIRCULO,1236679,
C1010,COLGANTE GEO CUADRADO,1236679,
C1015,COLGANTE GEO PIRAMIDE,1379419,
9012PLATIL,COLGANTE GLOBO 2 LUCES,9228773,
9013PLATIL,COLGANTE GLOBO 3 LUCES,13026915,
9014PLATIL,COLGANTE GLOBO 4 LUCES,15999925,
9015PLATIL,COLGANTE GLOBO 4 LUCES,15999925,
MDF1,COLGANTE GLOBO MDF,6319036,
1102,COLGANTE INFANTIL,2050451,
JAULA09,COLGANTE JAULA CILINDRO,3459203,
JAULACUBO,COLGANTE JAULA CUBO,3234514,
C128CB,COLGANTE JAULA CURVO COBRE,2752574,
C127CB,COLGANTE JAULA DIAMANTE COBRE,2752574,
C127NG,COLGANTE JAULA DIAMANTE NEGRO,2000491,
C102,COLGANTE JAULA ESFERA,2478956,
JAULAGLOBO,COLGANTE JAULA GLOBO,3525848,
JAULARAYO,COLGANTE JAULA RAYO,1924459,
C126CB,COLGANTE JAULA RECTO COBRE,2752574,
C103,COLGANTE JAULA SEMIESFERICO,5276445,
JAULATUBO,COLGANTE JAULA TUBO,1924459,
C177CB,COLGANTE JAULITA PORTO COBRE,2195476,
C177NG,COLGANTE JAULITA PORTO NEGRA,1419402,
LUNIA,COLGANTE LUNIA PVC C/INTERRUPTOR,2500102,
2801,COLGANTE MADERA 1 LUZ C/SALVAVISTA,9901052,
2805,COLGANTE MADERA 2 LUCES C/SALVAVISTA,22591819,
2904,COLGANTE MADERA 2 LUCES C/TULIPA MURANO,23642899,
1353,COLGANTE MALAGA 38CM,5900081,
CM1,COLGANTE METAL CAPUCHON E27,790009,
C178,"COLGANTE NORDICO ""CORUÑA""A",2271438,
C1001,COLGANTE OVIEDO 40CM NG/MAR/BCO,6637205,
C190,COLGANTE PARIS NG/MAR/ROJ/VDE,1532688,
3090,COLGANTE PELOTA FUTBOL,9401700,
9902,COLGANTE PIRAMIDE PERFORADO,3407156,
1008,COLGANTE POLICARBONATO 31CM,2614562,
56CM,COLGANTE POLICARBONATO 56CM E40,7969592,
CV308,COLGANTE REGLETA C/LAMP.VINTAGE G125,9685166,
157COB,COLGANTE REJA GLOBO COBRE,7313739,
157NMC,COLGANTE REJA GLOBO NEGRO M.TEXT.,6388831,
148,COLGANTE REJA MELL NG C/COBRE,7860448,
C208,COLGANTE SEVILLA 2 LUCES,9529321,
C308,COLGANTE SEVILLA 3 LUCES,12514730,
3000,COLGANTE TELA 35X18,2050451,
T2L30,COLGANTE TUBO 30CM 2 LUCES,3878116,
T3L30,COLGANTE TUBO 30CM 3 LUCES,5694558,
C1800,COLGANTE TUBO CALADO 1 LUZ D63 H300,2665680,
CP2L,COLGANTE TUBO CALADO 2 LUCES 2XGU10,6910906,
CP3L,COLGANTE TUBO CALADO 3 LUCES 3XGU10,9616268,
7751,"COLGANTE VIDRIO ""IMOLA"" 25CM COBRE",5808000,
C154,COLGANTE VIDRIO COLOR ROJ/VDE/NG,2119108,
5820,COLGANTE VIDRIO CONO COLOR,11772089,
3017C,COLGANTE VIDRIO HABANO 25CM,1620549,
8081,COLGANTE VIDRIO SATINADO RAYADO BCO/NG,4319309,
8081P,COLGANTE VIDRIO SATINADO RAYADO PLATIL,4703249,
ZOEMAD,COLGANTE ZOE MADERA TEXTIL,3590070,
ZOEPVC,COLGANTE ZOE PVC,2500102,
CON20,CONECTOR 20MM C/TUERCA,26015,
CON22,CONECTOR 22MM C/TUERCA,39446,
CON25,CONECTOR 25MM C/TUERCA,41503,
CON32,CONECTOR 32MM C/TUERCA,108174,
DELGA11/2,"CONECTOR HIERRO DELGA 1 1/2""",228225,
DELGA11/4,"CONECTOR HIERRO DELGA 1 1/4""",173314,
DELGA1,"CONECTOR HIERRO DELGA 1""",110680,
DELGA2,"CONECTOR HIERRO DELGA 2""",348343,
DELGA3/4,"CONECTOR HIERRO DELGA 3/4""",60569,
DELGA5/8,"CONECTOR HIERRO DELGA 5/8""",50364,
DELGA7/8,"CONECTOR HIERRO DELGA 7/8""",107249,
CONR,CONECTOR LINEAL/CURVO P/RIEL,236122,
CRG6,CONECTOR P/COAXIL RG6 REFORZADO,13775,
817900,CONECTOR P/PCZ 16MM2 63A ZOLODA,340615,
3173,"CONECTOR PVC 1""",13915,
3171,"CONECTOR PVC 3/4""",9559,
3172,"CONECTOR PVC 7/8""",12342,
SH15,CONITOS PARA CASCADAS DE HUMO,319360,
1101,CONJUNTO INFANTIL VELADOR+COLGANTE,3143728,
12B,CONMUTADORA 10A PALANCA VEFBEN 0-1-2,1490115,
WF022CP,CONMUTADORA EXT.2P 2V 32A PVC VEFBEN,7842623,
63103N/7,CONMUTADORA EXT.3P+N METALICA 63A,17433937,
32103/7,CONMUTADORA EXT.TRIPOLAR METALICA 32A,8721669,
3SCA8-11,CONTACTO AUXILIAR 1NA+1NC FRONTAL,342505,
3SCA8-22,CONTACTO AUXILIAR 2NA+2NC FRONTAL,642197,
1024,CONTACTOR 12A STECK,2782657,
3388,CONTACTOR 18A STECK,2997416,
3389,CONTACTOR 25A STECK,4282232,
3401,CONTACTOR 32A STECK,6592154,
16057,CONTACTOR 40A STECK,8476293,
3387,CONTACTOR 9A STECK,2634288,
1B,"CORRUGADO BLANCO 1""",54571,
3/4B,"CORRUGADO BLANCO 3/4""",36058,
7/8B,"CORRUGADO BLANCO 7/8""",47069,
1G,"CORRUGADO GRIS 1""",88572,
3/4G,"CORRUGADO GRIS 3/4""",59290,
7/8G,"CORRUGADO GRIS 7/8""",72721,
11/2N,"CORRUGADO NARANJA 1 1/2""",76485,
11/4N,"CORRUGADO NARANJA 1 1/4""",63656,
1N,"CORRUGADO NARANJA 1""",44770,
2N,"CORRUGADO NARANJA 2""",120878,
3/4N,"CORRUGADO NARANJA 3/4""",28314,
7/8N,"CORRUGADO NARANJA 7/8""",35816,
7000,CORTINA LED 300 LUCES 3M X 3M,2190100,
3399,CRUCETA MONOFASICA P/CAÑO O PARED,397364,
3402,CRUCETA TRIFASICA P/CAÑO O PARED,631983,
7321NEGRO,CUBETO 1 LUZ NEGRO MICROTEXTURADO,2803541,
7321PLATIL,CUBETO 1 LUZ PLATIL,3098684,
7322NEGRO,CUBETO 2 LUCES NEGRO MICROTEXTURADO,6162459,
7322PLATIL,CUBETO 2 LUCES PLATIL,7086606,
7323NEGRO,CUBETO 3 LUCES NEGRO MICROTEXTURADO,8615637,
7323PLATIL,CUBETO 3 LUCES PLATIL,9905381,
7324NEGRO,CUBETO 4 LUCES NEGRO MICROTEXTURADO,10780654,
7324PLATIL,CUBETO 4 LUCES PLATIL,11953610,
MSAL,CUENCO/MACETA C/PIEDRAS DE SAL,1135423,
CUR20,CURVA 20MM,40777,
CUR22,CURVA 22MM,49368,
CUR25,CURVA 25MM,79981,
CUR32,CURVA 32MM,151855,
2311,"CURVA BAQ. 1 1/4""",332387,
CUR100X50,CURVA PLANA P/CABLE CANAL 100X50 ZOLODA,933152,
BUDV,DETECTOR DE VOLTAGE SIN CONTACTO,790009,
SH6,DIFUSOR AROMATIZADOR,1428603,
AP175,DIFUSOR BARI,1741908,
AP176,DIFUSOR BARI RECTANGULAR,1741908,
AP186,DIFUSOR FOGGIA,2437640,
AP181,DIFUSOR LIVORNO,1741908,
AP160,DIFUSOR MURANO C/GNCHO DORADO,2909442,
AP184,DIFUSOR PALERMO,1729938,
AP183,DIFUSOR TORINO,1729938,
AP180,DIFUSOR TRENTO,2437640,
SH2,DIFUSOR VARILLAS SAPHIRUS,440824,
10014,DISYUNTOR INTERELEC 4X63A,7980779,
10017,DISYUNTOR JELUZ 2X40A,4133118,
10015,DISYUNTOR JELUZ 4X40A,7519974,
10016,DISYUNTOR JELUZ 4X63A,8515879,
2020,DISYUNTOR SCHNEIDER 2X25A 10MA,20711388,
13022,DISYUNTOR SCHNEIDER 2X25A ACTI-9 30MA,9259811,
13023,DISYUNTOR SCHNEIDER 2X40A ACTI-9 30MA,10149581,
2030,DISYUNTOR SCHNEIDER 2X40A SUP.INM.,30321700,
2011,DISYUNTOR SCHNEIDER 2X63A 30MA,18431997,
2032,DISYUNTOR SCHNEIDER 4X25A 30MA,13350879,
18000,DISYUNTOR SCHNEIDER 4X40A SUP.INM.,46300194,
2031,DISYUNTOR SCHNEIDER 4X63A 30MA,28236905,
18006,DISYUNTOR SCHNEIDER 4X63A SUP.INM.,73897549,
3292,DISYUNTOR SICA 2X25A,3832664,
4029,DISYUNTOR SICA 2X40A,4097219,
4030,DISYUNTOR SICA 4X40A,7519974,
4031,DISYUNTOR SICA 4X63A,8515879,
10025,DISYUNTOR TBCIN 2X25A,3682868,
4016,DIVISOR TV 2 VIAS,178709,
4017,DIVISOR TV 3 VIAS,201047,
EL60,DIVISOR TV 4 VIAS,245725,
DR12W,DRIVER 12W P/PANEL,186784,
DR18W,DRIVER 18W P/PANEL,250107,
DR24W,DRIVER 24W P/PANEL,300080,
DR48W,DRIVER 48W P/PANEL,890076,
DR6W,DRIVER 6W P/PANEL,322660,
DRE,DRIVER EMERGENCIA 6 A 18W,1266994,
ARIEL,EQUIPO ARIEL,450120,
10047,"EQUIPO DOBLE LED 1,2MTS C/TUBOS",1350118,
4002,EQUIPO SIMPLE LED 9W-18W C/TUBO,600039,
PS2000,ESTABILIZADOR POWERSAFE 2000VA 180/260V,9000101,
PX10,ESTABILIZADOR TENSION 1100 4 TOMAS,5250069,
EST4,ESTACA 1 LUZ P/PAR38,1490115,
EST1,ESTACA SOLAR CHICA,278072,
EST3,ESTACA SOLAR GRANDE ANTORCHA,2390113,
EST5,ESTACA SOLAR RGB 5W,2790018,
EST2,ESTACA SOLAR SENDERO PLATIL,1900063,
POPUP-B,ESTACION DE CARGA TELESCOPICA 3T + 2USB,11699490,
8002,ESTUFA CUARZO METALICA VERTICAL,3800005,
JUGO1,EXPRIMIDOR ELECTRICO JUGO1,2150049,
3081,"EXTRACTOR ILUMROS 4""",2790018,
3082,"EXTRACTOR ILUMROS 6""",3000074,
E100X50,EXTREMO P/CABLE CANAL 100X50 ZOLODA,312059,
F1,FANAL C/PUERTA 26CM,1681193,
F2,FANAL C/PUERTA 33CM,2129354,
F3,FANAL C/PUERTA 48CM,3201148,
F4,FANAL C/PUERTA 63CM,4801722,
F5,FANAL SIMPLE 17CM,1120399,
F6,FANAL SIMPLE 24CM,1451187,
F7,FANAL SIMPLE 36CM,2080743,
F8,FANAL SIMPLE 62CM,3169133,
FL1,FAROL CAMPING LED USB RECARGABLE,1400091,
13087,FAROL CHAPA DOBLE GRANDE P/CAÑO,7368421,
13086,FAROL CHAPA GRANDE PARED/CAÑO/COLGAR,4147677,
13085,FAROL CHAPA PARED/CAÑO/COLGAR,1450064,
13088,FAROL CHAPA RECTANGULAR PARED,1695453,
6112,"FAROLA ""GARDEN"" E27 30CM",3291200,
6006,FICHA 10A C/MANIJA,298847,
6004,FICHA 10A FRONTAL C/T,282073,
6003,FICHA 10A HEMBRA P/PLANCHA,120920,
6000,FICHA 10A MACHO VELADOR,155756,
6035,FICHA 10A SALIDA LATERAL C/T,235004,
1030,FICHA 20A C/MANIJA,380661,
16H3P,FICHA HEMBRA IND.16A 2P+T,3140555,
16H5P,FICHA HEMBRA IND.16A 3P+N+T,3857117,
16H4P,FICHA HEMBRA IND.16A 3P+T,3364526,
32H5P,FICHA HEMBRA IND.32A 3P+N+T,5025493,
32H4P,FICHA HEMBRA IND.32A 3P+T,4573679,
6016,FICHA IND.2X16A+T,855804,
6018,FICHA IND.3X16A+T,1112545,
6022,FICHA IND.3X32A+T,1742416,
16M3P,FICHA MACHO IND.16A 2P+T,1838958,
16M5P,FICHA MACHO IND.16A 3P+N+T,2785057,
16M4P,FICHA MACHO IND.16A 3P+T,2277704,
32M5P,FICHA MACHO IND.32A 3P+N+T,3812710,
32M4P,FICHA MACHO IND.32A 3P+T,3544211,
RJ11,FICHA RJ11,11580,
RJ45,FICHA RJ45,118580,
RJ9,FICHA RJ9,11580,
FT,FICHA TESTEO P/TOMA C/TIERRA CAMBRE,2559150,
2023,FLORONES,27830,
3316,FLOTANTE F2000 FIBOSA,1252350,
FE10,FOCOS C/SOPAPA LED P/ESPEJO,1660120,
6040,FOTOCONTROL 1000W TEXSALUX 3 CABLES,980100,
6041,FOTOCONTROL 1500W ANTHAY 4 CABLES,1000428,
6042,FOTOCONTROL C/ZOCALO 2200W TEXSALUX,1995048,
2021,FRENTE PORTERO COMMAX,5590079,
FM10A,FUENTE SWITCHING METALICA 12V 10A,2557463,
FM20A,FUENTE SWITCHING METALICA 12V 20A,3728680,
FM2A,FUENTE SWITCHING METALICA 12V 2A,1042345,
FM30A,FUENTE SWITCHING METALICA 12V 30A,4938716,
FM3A,FUENTE SWITCHING METALICA 12V 3A,1207366,
FM5A,FUENTE SWITCHING METALICA 12V 5A,1647718,
F10X38,FUSIBLE LENTO 10X38 HASTA 32A,203396,
6057,FUSIBLE NEOZED P/MORCETO,595199,
NH160,FUSIBLE NH T000 100A-125A-160A SASSIN,1197900,
NH80,FUSIBLE NH T000 HASTA 80A,746328,
G2001,GABINETE TABLEPLAST 242X232X140 (2001),5736477,
G2501,GABINETE TABLEPLAST 297X284X140 (2501),7856399,
7034,GANCHO P/VENTILADOR DE TECHO,200013,
7033,GANCHO SUSP.ALUMINIO,62860,
GB1018,GLOBO BURBUJA 10-18,1322618,
GB1225,GLOBO BURBUJA 12-25,2362316,
GB815,GLOBO BURBUJA 8-15,1039698,
GO610,GLOBO VIDRIO OPAL 6X10,1273216,
GO815,GLOBO VIDRIO OPAL 8X15,2027097,
GR20,GRAMPA FIJACION P/CAÑO 20MM,15972,
GR22,GRAMPA FIJACION P/CAÑO 22MM,17666,
GR25,GRAMPA FIJACION P/CAÑO 25MM,18876,
GR32,GRAMPA FIJACION P/CAÑO 32MM,27709,
3073,GRAMPAS N.10 VEYKA,322146,
7042,GRAMPAS N.11 VEYKA,363688,
7043,GRAMPAS N.12 VEYKA,420089,
7044,GRAMPAS N.15 VEYKA,402585,
7040,GRAMPAS N.5 VEYKA,390916,
7041,GRAMPAS N.8 VEYKA,443427,
7046,GRAMPAS N.9 VEYKA,291728,
3311,GUARDAMOTOR STECK 13-18A,8903809,
3312,GUARDAMOTOR STECK 17-23A,8903809,
8008,GUARDAMOTOR STECK 2.5-4A,8903809,
8009,GUARDAMOTOR STECK 4-6.3A,8903809,
8013,GUARDAMOTOR STECK 6-10A,8903809,
3310,GUARDAMOTOR STECK 9-14A,8903809,
10CON17,GUIRNALDA 10MTS 17LED,4959212,
10CON9,GUIRNALDA 10MTS 9LED,3063799,
15CON14,GUIRNALDA 15MTS 14LED,4729612,
15CON27,GUIRNALDA 15MTS 27LED,7754952,
20CON19,GUIRNALDA 20MTS 19LED,6127367,
20CON37,GUIRNALDA 20MTS 37LED,11871527,
5CON5,GUIRNALDA 5MTS 5LED,1761731,
5CON9,GUIRNALDA 5MTS 9LED,2776510,
8018,GUIRNALDA CABLE,78731,
8020,GUIRNALDA FICHA,110278,
8017,GUIRNALDA PORTALAMP C/LAMP,242502,
HP1,HORNITO CEMENTO CHICO,773688,
HP3,HORNITO CEMENTO GRANDE,974274,
HP2,HORNITO CEMENTO MEDIANO,830999,
HUMI4,HUMIDIFICADOR LAGRIMA SIMIL MADERA,1390048,
HUMI2,HUMIDIFICADOR LUNAR,1980044,
HUMI1,HUMIDIFICADOR PANDA,800052,
HUMI3,HUMIDIFICADOR REDONDO SIMIL MADERA,1390048,
3350,INTERLOOK GRABADOR/RADIO,500093,
12A,INTERRUPTOR 10A PALANCA VEFBEN 0-1,1490115,
SSX2,INTERRUPTOR SMART WIFI 10A 220V,2698905,
32301/0,INVERSORA EMB.32A MONOFASICA ELIBET,7674566,
32302/7,INVERSORA EXT.TRIPOLAR METALICA 32A,8027701,
J3,"JABALINA 1/2"" 1,5 MTS C/TOMACABLE",2243582,
J1,"JABALINA 3/8"" 0,6 MTS C/TOMACABLE",933110,
J2,"JABALINA 3/8"" 1,5 MTS C/TOMACABLE",1434894,
J4,"JABALINA 5/8"" 1,5 MTS C/TOMACABLE",2243582,
J5,"JABALINA 5/8"" 2 MTS C/TOMACABLE",3000074,
SH3,JABON LIQUIDO,296834,
3146,KIT BAJADA MONOF.7 MTS,5790092,
3148,KIT BAJADA TRIF.7 MTS,14988028,
16541,KIT BULBO SOLAR 15W,1690007,
3149,KIT CONEXION 6+6 9M C/MORCETOS Y FUSE,6610109,
OFF20W,LAMPARA ANTIBICHO 20W,176237,
OFF32W,LAMPARA ANTIBICHO 32W,268993,
ARBC,LAMPARA AR111 BAJO CONSUMO 18W,435724,
10038,LAMPARA AR111 LED CANDELA 12W,600039,
10092,LAMPARA AR111 LED GOODYEAR 12W,650012,
2040,LAMPARA AR111 LED GOODYEAR 15W,720071,
BC105W,LAMPARA BAJO CONSUMO 105W,1384163,
BC120W,LAMPARA BAJO CONSUMO 120W,1670882,
BC150W,LAMPARA BAJO CONSUMO 150W,1878501,
BC200W,LAMPARA BAJO CONSUMO 200W,2471713,
BC65W,LAMPARA BAJO CONSUMO 65W,879931,
BC85W,LAMPARA BAJO CONSUMO 85W,1077669,
BANK,LAMPARA BANQUERO TUL.VERDE,7751467,
10071,LAMPARA BAYONETA 15W,250107,
7070,LAMPARA BIPIN 12V X2 UNIDADES,300080,
3338,LAMPARA BIPIN LED G4 12V 3W,439109,
3800,LAMPARA C/MORZA METALICA,6858328,
118MM,LAMPARA CUARZO 118MM 200W/300W,490050,
255MM,LAMPARA CUARZO 255MM 1000W/1500W OSRAM,3462728,
4059,"LAMPARA DE ESCRITORIO ""4059""",1259303,
916,"LAMPARA DE ESCRITORIO ""TOTAL""",2508936,
914CR,LAMPARA DE ESCRITORIO CROMO,4831086,
111,LAMPARA DE ESCRITORIO ECO C/BASE,1590061,
222,LAMPARA DE ESCRITORIO ECO C/PINZA,1250051,
914,LAMPARA DE ESCRITORIO FLUO,3900072,
904,LAMPARA DE ESCRITORIO LACADA BCO/NG,3115987,
V56,LAMPARA DE ESCRITORIO NG TEXT,5099768,
908,LAMPARA DE ESCRITORIO PLATEADA C/MADERA,5303590,
912,LAMPARA DE ESCRITORIO PROYECTOR,4385498,
9023,LAMPARA DE ESCRITORIO STAR GU10,5356791,
2301,LAMPARA DE MESA ONDULADA C/PANTALLA,5088701,
LP15,LAMPARA DE PIE BASE MARMOL CHICA CROMO,22476503,
LPMAR,LAMPARA DE PIE BASE MARMOL PLATIL,29613645,
LP13,LAMPARA DE PIE BCA/NG,8667630,
LP28,LAMPARA DE PIE C/MESITA,19757228,
3700,LAMPARA DE PIE C/MOVIMIENTO,8710603,
LP5,LAMPARA DE PIE CROMADA C/PANTALLA,17656972,
LPE,LAMPARA DE PIE ESQUINERA LED 104CM,2980109,
MT-331,LAMPARA DE PIE FLEXIBLE VARIAS POSICIONE,4490068,
LP1,LAMPARA DE PIE HIERRO,7900090,
NORD3,LAMPARA DE PIE NORDICA,7980071,
2300,LAMPARA DE PIE ONDULADA C/PANTALLA,10116246,
PSAL,LAMPARA DE SAL ROCA,1997458,
GU10COLOR,LAMPARA DICRO COLOR LED GU10,490050,
GU50W,LAMPARA DICRO GU10 50W OSRAM/PHILIPS,95139,
16094,LAMPARA DICRO LED 12V 6W BTE,550325,
16093,LAMPARA DICRO LED DIMERIZABLE TBCIN 7W,390104,
10046,LAMPARA DICRO LED GU10,197434,
16090,LAMPARA DICRO LED OSRAM 6W 220V,387104,
16092,LAMPARA DICRO LED PHILIPS 12V 7W,583935,
16091,"LAMPARA DICRO LED PHILIPS 5,4W DIMMER",583935,
GU10RGB,LAMPARA DICROLED RGB GU10 SMART,1638369,
D36W,LAMPARA DULUX 36W 4 PIN OSRAM,1249169,
10072,LAMPARA E12 7/10/15W,112363,
DUAL,"LAMPARA ESCRITORIO ""DUAL"" MORZA Y BASE",2590005,
BASEECO,LAMPARA ESCRITORIO C/BASE ECO,1490115,
BASEUSB,LAMPARA ESCRITORIO C/BASE USB,3190044,
LUPA,LAMPARA ESCRITORIO C/LUPA Y MORZA,4697765,
MORZA,LAMPARA ESCRITORIO C/MORZA,2981653,
LE1,LAMPARA ESCRITORIO CAÑO METALICO,3446952,
3500,LAMPARA ESCRITORIO DOBLE BRAZO,5985578,
4911,LAMPARA ESCRITORIO NIQUEL 1XG9,3390057,
8040,LAMPARA EXTENSIBLE PARED CAPOB,6488630,
FUEGO,LAMPARA FUEGO 3 EFECTOS,816238,
3339,LAMPARA G9 12W LED CANDELA,590117,
3341,LAMPARA G9 BIPIN LED 6W,390104,
10036,LAMPARA GIRATORIA DOBLE RGB,550066,
10039,LAMPARA GIRATORIA RGB,350053,
10107,LAMPARA GOTA COLOR LED,240064,
10022,LAMPARA GOTA LED E27/E14,250107,
10062,LAMPARA GROW LED PAR38 18W,2390113,
10035,LAMPARA GU10 DICROLED 6/7W,197434,
LFH,LAMPARA HALOGENA HONGO/VELITA/VELA BALON,145306,
10125,LAMPARA INFRARROJA 150W,1980044,
10063,LAMPARA INFRARROJA 250W,1980044,
10104,LAMPARA LED 100W E40,2590005,
PH10,LAMPARA LED 10W PHILIPS,210056,
8011,LAMPARA LED 12V E27,798116,
10031,LAMPARA LED 12W,163280,
PH12,LAMPARA LED 12W PHILIPS,252067,
10032,LAMPARA LED 15W,193400,
PH16,LAMPARA LED 16W PHILIPS,308139,
10101,LAMPARA LED 20W,305041,
3EN1,LAMPARA LED 3 EN 1 (FRIO/NEUTRO/CALIDO),294612,
10102,LAMPARA LED 30W,480007,
10023,LAMPARA LED 40W,590117,
10106,LAMPARA LED 50W,780087,
10085,LAMPARA LED 7W,131138,
8010,LAMPARA LED 9/10W,131138,
A95OFF,LAMPARA LED ANTIMOSQUITO 18W,890076,
8023,LAMPARA LED AUTONOMA 9W,1230086,
LEDFO,LAMPARA LED C/FOTOCONTROL,998008,
3381,LAMPARA LED C/SENSOR MOV.,890076,
10109,LAMPARA LED COLOR 5W E27,290037,
HC868,LAMPARA LED COLORFUL EYES,1450064,
6051,LAMPARA LED FUTBOL/FLOR,948287,
GO120,LAMPARA LED GLOBO OPAL 12W,550066,
2007,LAMPARA LED REEMPLAZO CUARZO 118MM,1250051,
2006,LAMPARA LED REEMPLAZO CUARZO 78MM,1250051,
LL04,LAMPARA LED REGULABLE 3 TONOS CALENDARIO,7490021,
LL02,LAMPARA LED REGULABLE C/BASE RGB,4900016,
LL01,LAMPARA LED REGULABLE C/RELOJ Y LAPICERO,4900016,
10108,LAMPARA MERCURIO HALOG.250W,2550075,
10105,LAMPARA MERCURIO HALOG.70W,795490,
MT-305,LAMPARA MORZA LED 3 TONOS USB,2500102,
PAR30,LAMPARA PAR30 E27 75W OSRAM/PHILIPS,146876,
7071,LAMPARA PAR38 LED 12W VERDE/AZUL,2980109,
6059,LAMPARA PERFUME LED 2W,340010,
10070,LAMPARA PERFUME/BABYLUZ 5/15/25W,125114,
P-7019,LAMPARA PINZA LED USB,980100,
P4105,LAMPARA PLASMA MAGIC BALL,1500519,
SMART,LAMPARA SMART LED RGB 9W,1350118,
10137,LAMPARA SODIO 250W,962877,
LT1,LAMPARA TURCA 1,4131827,
LT2,LAMPARA TURCA 2,7128257,
LT3,LAMPARA TURCA 3,7878603,
LT4,LAMPARA TURCA 4,10879978,
LT5,LAMPARA TURCA 5,11630315,
10090,LAMPARA VELITA LED E14/E27,250107,
G125,LAMPARA VINTAGE GLOBO G125 CARBONO 24W,1590061,
G80,LAMPARA VINTAGE GLOBO G80 CARBONO 24W,614680,
G95,LAMPARA VINTAGE GLOBO G95 LED 6W,590117,
G45,LAMPARA VINTAGE GOTA G45 2W,290037,
ST64,LAMPARA VINTAGE PERA ST64 CARBONO 24W,640909,
ST64L,LAMPARA VINTAGE PERA ST64 LED 6W,790009,
A60,LAMPARA VINTAGE STD A60 LED 7W,349515,
T30,LAMPARA VINTAGE TUBULAR T30 CARBONO 24W,845116,
BOOK,LINTERNA BOOK ENERGIZER,3335008,
CH-2018,LINTERNA CABEZAL LED COB 3W,430694,
2043,LINTERNA EVEREADY C/PILA D INCLUIDA,1190035,
10041,LINTERNA EVEREADY C/PILAS 65 LUMENES,805980,
LY8810,LINTERNA LED RECARGABLE DOBLE FUNCION,890076,
LM80,LINTERNA METALICA ENERGIZER 80 LUMENES,1386376,
A08,LINTERNA MILITAR A08,980100,
LC300,LINTERNA MINERA ENERGIZER 300 LUMENES,2978506,
PEN,LINTERNA PEN ENERGIZER,1396719,
LRR320,LINTERNA RAYOBAK METAL RECARGABLE 320LM,2518615,
8029,LINTERNA SOLAR 3 MODOS,1900063,
ZW50W,LINTERNA SOLAR CAMPING 50W,890076,
LA21,LISTON 21W ALUMINIO ORIENTABLE,2421721,
7003,"LISTON ESTANCO P/2 TUBOS LED 1,2 MTS",2390113,
8012,"LISTON VACIO DOBLE P/LED 1,2MTS",674409,
16089,LISTON VACIO SIMPLE P/LED 60-120CM,495383,
C1208,LLAVE BIPOLAR 20A EXT.TAAD,161336,
303T,LLAVE ELIBET 303T INTERRUPTOR,2334810,
P2,LLAVE ESTUFA DOBLE,390104,
P3,LLAVE ESTUFA PUNTO MEDIO,300080,
P1,LLAVE ESTUFA SIMPLE,300080,
8046,LLAVE FIBOSA 602,3429834,
8045,LLAVE FIBOSA 603,3429834,
S9200,LLAVE P/BASTIDOR 20A TAAD,387580,
108CP,LLAVE P/CORTINA Y PORTONES 16A,8610329,
P4,LLAVE PALANCA 10A 2 CONTACTOS,490050,
P10,LLAVE PALANCA 10A 3 CONTACTOS,490050,
P5,LLAVE PALANCA 10A 4 CONTACTOS,490050,
P7,LLAVE TECLA CIRCULAR,300080,
P6,LLAVE TECLA MINI PUNTO MEDIO,300080,
PILE,LUMINARIA PILETA RGB USB,1859967,
CUCO,LUZ DE NOCHE ESPANTA-CUCO,390104,
TOQUE,LUZ DE TOQUE EVEREADY,1127115,
EE1,LUZ EMERGENCIA 30 LEDS CANDELA,1115136,
EE2,LUZ EMERGENCIA 60 LEDS CANDELA,1750023,
EE3,LUZ EMERGENCIA 60 LEDS SICA,2490059,
EE4,LUZ EMERGENCIA 90 LEDS GAMASONIC,4567750,
7053,LUZ NAVIDAD ARROZ X 100,387308,
7054,LUZ NAVIDAD LED FRIA/CALIDA/COLOR X 100,580377,
BICI,LUZ PARA BICIS,190091,
PLANT,MACETA ROBERT PLANT,155270,
SH25,MACETERO/ESPONJERO C/FORMAS,685937,
3254,MANGUERA LED X 10 MTS,2890085,
16042,"MANGUITO 1,5 MM",38670,
16046,MANGUITO 10 MM,109137,
16047,MANGUITO 16 MM,141792,
16043,"MANGUITO 2,5 MM",41249,
16044,MANGUITO 4 MM,54998,
16045,MANGUITO 6 MM,58435,
M120X30,MARCO ALUMINIO P/PANEL LED 120X30CM,4350071,
M60X60,MARCO ALUMINIO P/PANEL LED 60X60CM,3360049,
WA-1200,MEDIDOR DE CONSUMO MONO 65A C/RESET,4895055,
DM-100SC,MEDIDOR MONOF.ELECTRONICO P/DIN 10/60A,4880066,
2779A,MICROFONO INALAMBRICO SUONO 2779A,1890020,
SW585,MICROFONO KARAOKE,792183,
HB01,MINI PIMER 2 VELOCIDADES,2733474,
12010,MORCETO BAJADA NEUTRO,570031,
12011,MORCETO BAJADA P/FUSIBLE,1073875,
MONO,MUÑECO AMAPOLA MONO SALTARIN,863942,
8031,OJO DE BUEY 22MM 220V,498762,
120X30,PANEL LED 120X30CM EMBUTIR 48W,6224361,
EXT12W,PANEL LED 12W APLICAR,588786,
EMB12W,PANEL LED 12W EMBUTIR,486904,
EXT18W,PANEL LED 18W APLICAR,745118,
EMB18W,PANEL LED 18W EMBUTIR,643599,
EXT24W,PANEL LED 24W APLICAR,1390048,
EXT24WCHICO,"PANEL LED 24W APLICAR ""CHICO""",1291675,
EMB24W,PANEL LED 24W EMBUTIR,1164867,
24WOSRAM,PANEL LED 24W OSRAM DUAL,3814506,
60X60,PANEL LED 60X60CM EMBUTIR 40W,2790018,
EXT6W,PANEL LED 6W APLICAR,429792,
EMB6W,PANEL LED 6W EMBUTIR,365420,
PC18W,PANEL LED COLOR INTERCAMBIABLE 18W,1855692,
GRIS18W,PANEL LED GRIS 18W APLICAR,1200078,
NG18W,PANEL LED NEGRO 18W APLICAR,1200078,
NG24W,PANEL LED NEGRO 24W APLICAR,1590061,
ECO6,PANTALLA ECOCUERO CIRCULAR 30CM,2010753,
ECO7,PANTALLA ECOCUERO CIRCULAR 35CM,2337500,
ECO8,PANTALLA ECOCUERO CIRCULAR 40CM,2639113,
ECO1,PANTALLA ECOCUERO CONICA 22CM,774400,
ECO2,PANTALLA ECOCUERO CONICA 25CM,853079,
ECO3,PANTALLA ECOCUERO CONICA 30CM,1084160,
ECO4,PANTALLA ECOCUERO CONICA 35CM,1490720,
ECO5,PANTALLA ECOCUERO CONICA 40CM,1819840,
POF,PANTALLA OFERTA 22CM CONICA COCIDA,522720,
PVC1,PANTALLA PVC CONICA 22CM,522720,
PVC2,PANTALLA PVC CONICA 25CM,580800,
PVC3,PANTALLA PVC CONICA 30CM,774400,
PVC4,PANTALLA PVC CONICA 35CM,968000,
PVC5,PANTALLA PVC CONICA 40CM,1184832,
CALA1,PANTALLA TELA CALA CHICA,1900063,
CALA2,PANTALLA TELA CALA GRANDE,2500223,
TELA6,PANTALLA TELA CIRCULAR 15CM,1163048,
TELA7,PANTALLA TELA CIRCULAR 20CM,1460107,
TELA8,PANTALLA TELA CIRCULAR 22CM,1624510,
TELA9,PANTALLA TELA CIRCULAR 30CM,2421630,
TELA10,PANTALLA TELA CIRCULAR 35CM,2800061,
TELA11,PANTALLA TELA CIRCULAR 40CM,3855038,
TELA1,PANTALLA TELA CONICA 20CM,1163048,
TELA2,PANTALLA TELA CONICA 25CM,1633492,
TELA3,PANTALLA TELA CONICA 30CM,1816439,
TELA4,PANTALLA TELA CONICA 35CM,2208485,
TELA5,PANTALLA TELA CONICA 40CM,3253907,
PV01,PAVA ELECTRICA ORIX,2103363,
PEG5,PEGAMENTO ECCOLE,708691,
PEG8,PEGAMENTO EL PULPITO,717736,
PEG7,PEGAMENTO FASTIX,821402,
PEG1,PEGAMENTO LA GOTITA,254923,
PEG2,PEGAMENTO LA GOTITA GEL,319906,
PEG4,PEGAMENTO POXI-RAM,541989,
PEG3,PEGAMENTO POXILINA,778683,
PEG6,PEGAMENTO POXIPOL,780353,
P2P,PEINE 1 METRO BIP.54P 400V CHINT,5113944,
7075,PEINE DIN BIFASICO 2X6 80A,2533520,
P-AL-3M,PERFIL ALUMINIO 3 MTS C/DIFUSOR,1900063,
5999,PERILLA TORPEDO,275062,
PERI,PERISCOPIO P/PISO ZOLODA,2075029,
SH10,PERLITAS AROMATICAS,199348,
123,PILA 123 ENERGIZER,862591,
2016/25/32,PILA 2016-2025-2032 ENERGIZER,218558,
317,PILA 317,316653,
377/76/64/63,PILA 377/376 O 364/363 ENERGIZER,215683,
A23,PILA A23 ENERGIZER,230015,
A27,PILA A27 ENERGIZER,345092,
A544,PILA A544 ENERGIZER,848815,
A76,PILA A76 ENERGIZER,138176,
AA,PILA AA ENERGIZER,140118,
AAA,PILA AAA ENERGIZER,140118,
AUDIX8,PILA AUDIFONO ENERGIZER X8,1391500,
AUDIX6,PILA AUDIFONO RAYOBAK X6,1207544,
C,PILA C ENERGIZER,538511,
CR1220,PILA CR1220,224538,
1620,PILA CR1620,345092,
D,PILA D ENERGIZER,720071,
18650,PILA RECARGABLE 18650,500093,
NOGA,PILA RECARGABLE AA/AAA X2 ECO,623344,
REC,PILA RECARGABLE ENERGIZER X2 UNIDADES,2633553,
8036,PINZA AMPEROMETRICA DIGITAL,2115080,
2054,"PIPETA PVC 1""",123821,
2052,"PIPETA PVC 3/4""",68126,
2053,"PIPETA PVC 7/8""",95932,
3012,PISO CANAL 48X13 C/AD,1309825,
3014,PISO CANAL 75X17 C/AD,2381159,
P282,"PLAFON ""BILBAO"" 25X43 2XE27",2405310,
P281,"PLAFON ""BILBAO"" 30X30 2XE27",2405310,
12306,"PLAFON ""DUGI"" REDONDO 37CM 2XE27",3900072,
12309,"PLAFON ""HYDRA"" CUADRADO 40CM 2XE27",4500111,
P103,"PLAFON ""LENTEJA"" 29CM BASE PVC",955911,
12301,"PLAFON ""LIPARI"" CUADRADO 30CM 2XE27",2900007,
12300,"PLAFON ""LIPARI"" CUADRADO 40CM 3XE27",3900072,
P201,"PLAFON ""PATITAS"" 30CM",2405310,
12303,"PLAFON ""SYMI"" CUADRADO 30CM 1XE27",2900007,
12304,"PLAFON ""SYMI"" REDONDO 41CM 2XE27",3900072,
P285,PLAFON BARCELONA 24X24 GRIS/NG,1559706,
P286,PLAFON BARCELONA 31X31,2015151,
P120,PLAFON BARI 20X20,1268799,
P214,PLAFON BARI 25X25,2015151,
P224,PLAFON BARI 30X30,2522671,
7612,PLAFON CIELO LACADO 1 LUZ CHICO,1270754,
7610,PLAFON CIELO LACADO 2 LUCES GRANDE,1822588,
7611,PLAFON CIELO LACADO 2 LUCES MEDIANO,1631070,
PD24,PLAFON LED DESMONTABLE DUAL 24W,4210074,
P220,PLAFON NAPOLI 25CM MURANO,2373401,
P228,PLAFON PALERMO 25CM,2164422,
P233,PLAFON PARIS CIRCULAR,2761504,
P234,PLAFON PARIS CUADRADO,2761504,
5203,PLAFON PLATIL REDONDO 2XE27 25CM,3988556,
PF001,PLAFON RECTO 4 LUCES BLANCO C/PLATIL,9003822,
P227,PLAFON TORINO 30CM,2522671,
P222,PLAFON TRENTO,2761504,
P190,PLAFON VALENCIA GU10,1387430,
P119,PLAFON VERONA 20CM,1268799,
P215,PLAFON VERONA 25CM,1925589,
P216,PLAFON VERONA 30CM,2313692,
P1111,PLAFON VIDRIO CURVO 2 LUCES,5671659,
1045,PLANCHA CRIVEL SECA,396257,
P5W,"PLAQUETA LED 5,5CM 5W",143374,
P9W,"PLAQUETA LED 7,5CM 9W",161808,
60034,PLATINUM MODULO 2 1/2 COMBINACION,227970,
60037,PLATINUM MODULO 4 VIAS COMBINACION,294692,
60053,PLATINUM MODULO COMBINACION,87952,
60051,PLATINUM MODULO PUNTO,82390,
60092,PLATINUM MODULO TAPON CIEGO,10211,
60353,PLATINUM MODULO TECLON COMBINACION,129752,
60067,PLATINUM MODULO TOMA 10A,89972,
60059,PLATINUM MODULO TOMA 20A,154170,
45098/2,PLATINUM TAPA BLANCA,48174,
507BCL,PLATO 2 LUCES BCO/NG/MARRON,3100020,
707BLANCO,PLATO 2 LUCES BLANCO C/MADERA,3057428,
707BRONCE,PLATO 2 LUCES BRONCE C/MADERA,4449995,
AV005,PLATO 2L RUCA FIJO PLATIL/DORADO,2935604,
AV007,PLATO 2L RUCA MOVIL PLATIL/DORADO,3203912,
708BLANCO,PLATO 3 LUCES BLANCO C/MADERA,4211976,
708BRONCE,PLATO 3 LUCES BRONCE C/MADERA,5889531,
6159,PLATO 3 LUCES COBRE PROFORMA,9484827,
508BCL,PLATO 3 LUCES MARRON/BCO/NG BCL,3759424,
AV006,PLATO 3L RUCA FIJO PLATIL/DORADO,3756310,
AV008,PLATO 3L RUCA MOVIL PLATIL/DORADO,3961487,
699,POPIT ELECTRONICO C/LUZ Y SONIDO,980100,
PB100X50,PORTA BASTIDOR UNIV.ZOLODA 100X50,459316,
PS,PORTA SAHUMERIO,849304,
PF10X38,PORTAFUSIBLE UNIPOLAR 32A 10X38,1250787,
13046,PORTALAMPARA 3 PIEZAS,106140,
13051,PORTALAMPARA C/CHICOTE,80290,
13045,PORTALAMPARA C/FICHA,123508,
13048,"PORTALAMPARA CERAMICA 3/8""",188827,
3080,PORTALAMPARA CON FICHA Y LLAVE,230015,
13047,PORTALAMPARA E14 MILENIUM,74781,
13053,"PORTALAMPARA E40 5/8""",432818,
13055,PORTALAMPARA MIGNON 3 PIEZAS,168031,
13054,PORTALAMPARA MIGNON VELERO,185572,
X46,PORTALAMPARA P/ARTEFACTO ROSCADO,321942,
13050,PORTALAMPARA VELERO,91399,
8022,PORTALAMPARA VINTAGE COBRE/BRONCE,230015,
7076,PORTATIL REFORZADA 5 MTS,1199098,
13060,PORTERO COMMAX 1 TEL P/CERRADURA,13780542,
13062,PORTERO COMMAX 2 TEL P/CERRADURA,21635417,
13063,PORTERO SICA FRENTE EXT/EMB,9350033,
ALT1,PRECINTO ALT-1 100MM,77803,
ALT2,PRECINTO ALT-2 150MM,174240,
ALT3,PRECINTO ALT-3 200MM,262207,
ALT4,PRECINTO ALT-4 250MM,322102,
ALT5,"PRECINTO ALT-5 300MM 4,6MM",385990,
ALT6,"PRECINTO ALT-6 300MM 7,6MM",1805320,
ALT7,PRECINTO ALT-7 350MM,1450790,
ALT8,PRECINTO ALT-8 400MM,548251,
PRENSA11/2,"PRENSACABLE PVC 1 1/2"" C/TUERCA",281003,
PRENSA11/4,"PRENSACABLE PVC 1 1/4"" C/TUERCA",162336,
PRENSA1,"PRENSACABLE PVC 1"" C/TUERCA",125047,
PRENSA1/2,"PRENSACABLE PVC 1/2"" C/TUERCA",59426,
PRENSA2,"PRENSACABLE PVC 2"" C/TUERCA",421664,
PRENSA3/4,"PRENSACABLE PVC 3/4"" C/TUERCA",72608,
PRENSA5/8,"PRENSACABLE PVC 5/8"" C/TUERCA",63532,
PRENSA7/8,"PRENSACABLE PVC 7/8"" C/TUERCA",90760,
3145,PROTECTOR 20A DIGITAL P/AIRE,6290064,
TDP-140,PROTECTOR 40A DIGITAL P/RIEL TBCIN,7450091,
3313,PROTECTOR 5KW RBC P/RIEL,5808726,
1055,PROTECTOR DIGITAL ENCHUFABLE,1273488,
1054,PROTECTOR TENSION INDIVIDUAL,2190100,
P54L,PROTON 54 LED,3200087,
STAR,PROYECTOR ESTRELLAS GIRATORIO,990022,
100,PROYECTOR LED 100W CANDELA,1531013,
100M,PROYECTOR LED 100W MACROLED,5890038,
10,PROYECTOR LED 10W CANDELA,441529,
150,PROYECTOR LED 150W CANDELA,2350667,
200,PROYECTOR LED 200W CANDELA,3250907,
200W,PROYECTOR LED 200W CAPOBIANCO,5734674,
20S,PROYECTOR LED 20W C/SENSOR DE MOV.,2690072,
20,PROYECTOR LED 20W CANDELA,515702,
30,PROYECTOR LED 30W CANDELA,575355,
30K,PROYECTOR LED 30W KING,2190100,
50S,PROYECTOR LED 50W C/SENSOR DE MOV.,3190044,
50,PROYECTOR LED 50W CANDELA,781297,
50M,PROYECTOR LED 50W MACROLED,3390057,
20RGB,PROYECTOR LED RGB 20W,2395800,
50RGB,PROYECTOR LED RGB 50W,3509000,
5017,PROYECTOR SOLAR C/SENSOR Y PANEL,7598857,
P120S,PROYECTOR SOLAR LED 120W ILUMROS,4980118,
P60S,PROYECTOR SOLAR LED 60W ILUMROS,2980109,
1052,PULSADOR LUMINOSO RBC SITEL,129543,
P9,PULSADOR P/CORTADORA DE CESPED,46474,
P8,PULSADOR TIMBRE UNIPOLAR,23202,
GK9,PUNTAS DE PRUEBA CAT2 400V,2662000,
GP20,PUNTERO LASER GREEN GP20,550066,
14000,RECEPTACULO E14,139150,
14001,RECEPTACULO E27,166980,
7001,RECEPTACULO P/CAJA 11CM DIAMETRO,163887,
14010,REDUCCION GOLIATH A EDISON,213112,
RS1,REFLECTOR SOLAR LED C/SENSOR MOV.,950092,
5882,REGLETA 2 LUCES VOLCAN,4961559,
265SP,REGLETA ESPIRAL 5 LUCES PLATIL,23527919,
RELE,"RELE TERMICO (DE 0,63A-25A) STECK",3172024,
1070,RELOJ ANALOGICO P/RIEL,2450008,
RE01,RELOJ CUBO LED RGB,688828,
1071,RELOJ DIGITAL 16A P/RIEL ZURICH,2924086,
1074,RELOJ ENCHUFABLE ANALOGICO,1190035,
RE02,RELOJ HUEVITO LED RGB,1206790,
R1MT,RIEL ALUMINIO 1 METRO BCO/NEGRO,1332675,
R2MT,RIEL ALUMINIO 2 METROS BCO/NEGRO,2689277,
16059,RIEL DIN 10 CM,91321,
16058,RIEL DIN 20 CM,146773,
14011,RIEL DIN X 1 MT,639218,
SH20,ROBERT PLAN CHICO,285218,
SH21,ROBERT PLAN CHICO DOBLE,317382,
SH22,ROBERT PLANT GRANDE,384424,
SH7,SAHUMERIOS DE LA INDIA ILUMINARTE,163056,
SH11,SAHUMERIOS EN PASTILLAS,275851,
SH14,SAHUMERIOS GRUESOS AROMANZA,241211,
SH24,SAHUMERIOS IMPORTADOS,241211,
SH28,SAHUMERIOS MAGICOS,337674,
SH13,SAHUMERIOS TIBETANOS,241211,
SH27,SAHUMERIOS TIBETANOS SLIM,200315,
SH12,SAHUMERIOS TRIANGULARES,241211,
SH17,SAHUMITOS,241211,
SECA,SECADOR DE PELO,1534749,
S3S,SELECTORA 3 POSICIONES PVC STECK,306248,
40602/0,SELECTORA FASE EMB.40A TRIFASICA,5021780,
2008,SELLADORA PASTA IGNIFUGA EN POLVO,1155348,
1082,SENSOR DE MOVIMIENTO PARED/TECHO,1450064,
SETX3,SET 3 LUCES LED COB C/CONTROL,1090089,
MST,SOPORTE TOMA C/N 10A P/CAPSULADA MIG,228542,
5011,"SOPORTE TV FIJO 14"" A 42""",450120,
15007,"SOPORTE TV FIJO 26"" A 63""",1156518,
14A55,"SOPORTE TV MOVIL 14"" A 55""",2190100,
9532,"SPOT ""LOLO"" 2 LUCES NG/BCO C/MADERA",6900025,
7801BLANCO,SPOT 1 LUZ BCO TULIPA FINA,2251338,
501BCL,SPOT 1 LUZ BCO/NEGRO,1124717,
6151,SPOT 1 LUZ COBRE PROFORMA,3834814,
501BCLPLATIL,SPOT 1 LUZ PLATIL BCL,2029822,
601,SPOT 1 LUZ ROBLE/CEDRO,2189771,
502BCL,SPOT 2 LUCES BCO/NEGRO,2322427,
702BLANCO,SPOT 2 LUCES BLANCO C/MADERA,3082196,
6152,SPOT 2 LUCES COBRE PROFORMA,7106256,
502BCLPLATIL,SPOT 2 LUCES PLATIL BCL,4066627,
602,SPOT 2 LUCES ROBLE/CEDRO,3962533,
7333BCO-NG,SPOT 3 LUCES TULIPA DOBLE CONO,11223343,
7374BLANCO,SPOT 4 LUCES BCO C/PLATIL BCL,8628966,
2702,SPOT AR111 EMBUTIR BLANCO MOVIL,621020,
7802BLANCO,SPOT BLANCO 2 LUCES TULIPA FINA,4985061,
CH1,SPOT CHAPA 1 LUZ PARED,1355200,
CH2,SPOT CHAPA 2 LUCES PARED/TECHO/VENT.,2516800,
CH3,SPOT CHAPA 3 LUCES TECHO/VENT.,3024032,
4638,SPOT DICRO C/LAMP.EMB.BCO/NG,530101,
4639,SPOT DICRO C/LAMP.EMB.PLATIL,600039,
IONA,SPOT IONA MUNDO APARTE,1024859,
7801PLATIL,SPOT PLATIL 1 LUZ TULIPA FINA,2670251,
7802PLATIL,SPOT PLATIL 2 LUCES TULIPA FINA,6431579,
1LPVC,SPOT PVC 1 LUZ,1336082,
2LPVC,SPOT PVC 2 LUCES,2688015,
3LPVC,SPOT PVC 3 LUCES,3025000,
HERO,SUPER HEROES CANTA Y BAILA,1690007,
11000,TAAD ARMADA 1 PUNTO,126847,
11001,TAAD ARMADA 1 TOMA,126847,
11002,TAAD ARMADA 2 PUNTOS,175246,
11003,TAAD ARMADA 2 TOMAS,175246,
11004,TAAD ARMADA PUNTO Y TOMA,175246,
TH30A,TAPA CARTUCHO Y CARTUCHO 30A,400026,
16006,TAPA CIEGA CHAPA 10X10,77561,
16004,TAPA CIEGA CHAPA OCT.CHICA,43076,
16005,TAPA CIEGA CHAPA OCT.GRANDE,51909,
16003,TAPA CIEGA PVC 10X10,14641,
16000,TAPA CIEGA PVC MIGNON,18137,
16001,TAPA CIEGA PVC OCT.CHICA,62678,
16002,TAPA CIEGA PVC OCT.GRANDE,14641,
6046,TAPA CIEGA PVC RECTANGULAR,29784,
EKZ2E,TAPA PARA PEINE 2P,134068,
16012,TARUGO FISCHER C/TOPE N.10,30250,
16010,TARUGO FISCHER C/TORNILLO N.6,12406,
16011,TARUGO FISCHER C/TORNILLO N.8,19619,
TY,TARUGO YESO Y TORNILLO N6,24342,
103B,TELEFONO BELLSONIC 103B,4950110,
13061,TELEFONO COMMAX,10089456,
KX-T5007,TELEFONO DE MESA,1690007,
15006,TEMPORIZADOR ESCALERA RBC 5KW,5362962,
13021,TERMICA ABB/SCH/SIEMENS BIP.32/40A,2761825,
3342,TERMICA ABB/SCH/SIEMENS BIP.HASTA 25A,2150049,
3166,TERMICA BAW 2X25A,542149,
1053,TERMICA INTERELEC TETRAPOLAR,1926231,
6060,TERMICA INTERELEC TRIPOLAR,1416346,
4015,TERMICA INTERELEC UNIPOLAR,504691,
3165,TERMICA JELUZ 2X40A,1555534,
10018,TERMICA JELUZ BIPOLAR HASTA 32A,1013526,
3333,TERMICA JELUZ UNIPOLAR HASTA 32A,504691,
8007,TERMICA SICA 1X40A,685223,
8025,TERMICA SICA 1X50A,994741,
9005,TERMICA SICA 1X63A,994741,
4006,TERMICA SICA 2X40A,1332407,
16056,TERMICA SICA 2X63A,1830955,
6062,TERMICA SICA 3X40A,2194001,
4008,TERMICA SICA 4X40A,2762686,
4014,TERMICA SICA 4X63A,4006053,
4013,TERMICA SICA BIPOLAR HASTA 32A,1013526,
6061,TERMICA SICA TRIPOLAR HASTA 32A,1718773,
4005,TERMICA SICA UNIPOLAR HASTA 32A,504691,
4012,TERMICA STECK 4X40A,3456761,
4007,TERMICA STECK 4X63A,3526174,
4011,TERMICA STECK TETRAPOLAR HASTA 32A,2883469,
17001,TERMICA STECK UNIPOLAR HASTA 32A,708033,
16032,"TERMINAL 1,5 MM",25127,
16036,TERMINAL 10 MM,139594,
16037,TERMINAL 16 MM,184265,
16033,"TERMINAL 2,5 MM",30711,
16038,TERMINAL 25 MM,203808,
16039,TERMINAL 35 MM,321068,
16034,TERMINAL 4 MM,44670,
16040,TERMINAL 50 MM,429951,
16035,TERMINAL 6 MM,61422,
16031,TERMINAL PREAISLADO,29102,
"TIF2,5","TERMINAL TIF 2,5 MM",8107,
"TIF2X2,5","TERMINAL TIF 2X2,5 MM",14762,
TIF4,TERMINAL TIF 4 MM,12221,
TIF6,TERMINAL TIF 6 MM,14641,
16041,TERMINALES LATON DORADOS,16577,
TC10,TERMOCONTRAIBLE 10MM X METRO,106480,
"TC12,7","TERMOCONTRAIBLE 12,7MM X METRO",114950,
"TC2,5","TERMOCONTRAIBLE 2,5MM X METRO",45980,
"TC3,5","TERMOCONTRAIBLE 3,5MM X METRO",50820,
TC5,TERMOCONTRAIBLE 5MM X METRO,64974,
TC7,TERMOCONTRAIBLE 7MM X METRO,73699,
8035,TESTER DIGITAL,920084,
SH4,TEXTIL SAPHIRUS,301124,
8016,TIMBRE INALAMBRICO CANDELA,841434,
8014,TIMBRE INALAMBRICO SANDERSON,2790018,
3087,TIRA LED 5050 EXT.5 MTS FRIA/CALIDA,2200022,
3085,TIRA LED 5050 INTERIOR 5MTS FRIA/CALIDA,1980044,
3086,TIRA LED RGB 5050 5MTS COMPLETA,1390048,
TNX5,TIRA NEON LED X 5 MTS COMPLETA,1450064,
9003,TOMA EXT TEL. DOBLE,16805,
TEM10,TOMA EXTERIOR MULTINORMA 10A,161736,
16017,TOMA TEL.EXTERIOR 2 SALIDAS,16805,
16016,TOMA TELEFONO EXT.1SALIDA,14704,
16030,"TOMACABLE P/JABALINA 1/2""",339233,
WIFI,TOMACORRIENTE WIFI 10A,2690072,
2025,TORNILLOS C/TARUGO N.6,12406,
2026,TORNILLOS C/TARUGO N.8,19618,
9001,TORTUGA ANTIEXPLOSIVA REGLAMENTARIA,9192297,
802,TORTUGA CHAPA OVAL CHICA,1588814,
801,TORTUGA CHAPA OVAL GRANDE,2077769,
862,TORTUGA CHAPA REDONDA,1081276,
TF1007,TORTUGA FUNDICION MEDIA TAPADA OVAL,2050053,
5501,TORTUGA PVC ARO ILUMROS,676073,
803,TORTUGA PVC DE DISEÑO,980100,
5502,TORTUGA PVC VINCHA ILUMROS,676073,
1085,TRAFO DICRO ELECTRONICO LUCCIOLA,1290102,
7069,TRAFO DICRO ELECTRONICO OSRAM/PHILIPS,1411102,
1080,TRAFO ENCHUFABLE 12V 2A,809369,
1081,TRAFO ENCHUFABLE 12V 3A,1105214,
1079,TRAFO ENCHUFABLE 12V 5A,1488784,
1084,TRAFO MECANICO 12V 50W,2172434,
1086,TRAFO USB 5V 1A,290037,
8030,TRAVESAÑO P/CAJA,59774,
10061,TRIPLICADORA TRIPTO GIRATORIO,590117,
"TR2,1","TRIPODE 2,1 MTS",1090089,
TC22,TUBO CIRCULAR 22W FRANCE,1650077,
TC32,TUBO CIRCULAR 32W FRANCE,1804957,
F36W,TUBO FLUORESCENTE 36W,500093,
T18,"TUBO LED 18W 1,2 MTS",280115,
T240,"TUBO LED 2,4 MTS REEMPLAZO 105W",2000009,
T20,"TUBO LED 20W PREMIUM 1,2 MTS",612666,
T9,"TUBO LED 9W 0,6 MTS",280115,
T16PH,"TUBO LED PHILIPS NEUTRO 16W 1,2 MTS",525019,
T45,"TUBO LED REEMPLAZO 15W 0,45 MTS",595078,
T90,"TUBO LED REEMPLAZO 30W 0,9 MTS",450120,
T150,"TUBO LED REEMPLAZO 58W 1,5 MTS",603908,
TN4,TUBO LUZ NEGRA 4W,419476,
16087,"TUERCA 3/8"" P/VARILLA",11011,
2310,"TUERCA PVC 1 1/4""",212597,
7002,TULIPA CILINDRO 10X20 SATINADA,1077379,
BCL,TULIPA LISA BCL,573149,
T65,TULIPA SALVAVISTA 13CM CRISTAL,1029693,
T66,TULIPA SALVAVISTA 13CM SATINADA,1134957,
T54,TULIPA SALVAVISTA 20CM CRISTAL,2092627,
T55,TULIPA SALVAVISTA 20CM SATINADA,2417918,
T64,TULIPA SALVAVISTA 25CM CRISTAL,2915747,
T60,TULIPA SALVAVISTA 25CM SATINADA,3363715,
TULBANK,TULIPA VIDRIO P/LAMPARA BANQUERO,3110316,
U1,UNIDIRECCIONAL U-1,1068428,
U2,UNIDIRECCIONAL U-2,914533,
U3,UNIDIRECCIONAL U-3,1068428,
UNI20,UNION 20MM,18150,
UNI22,UNION 22MM,25289,
UNI25,UNION 25MM,28072,
UNI32,UNION 32MM,76230,
3346,"UNION PVC 1""",10010,
3344,"UNION PVC 3/4""",7786,
3345,"UNION PVC 7/8""",8527,
19000,VARIADOR 5 VELOCIDADES VENTILADOR,2213211,
V100,VARILLA LED RIGIDA 100CM,1390048,
V40,VARILLA LED RIGIDA 40CM,650012,
V40A,VARILLA LED RIGIDA 40CM ALUMINIO,1800117,
V40Z,VARILLA LED RIGIDA 40CM AZUL,2691899,
V80,VARILLA LED RIGIDA 80CM,1150105,
V80A,VARILLA LED RIGIDA 80CM ALUMINIO,3400970,
3244,"VARILLA ROSCADA 3/8"" X 1 METRO",446611,
102,VELA CUARZO P/ESTUFA 45CM,290037,
SH9,VELA FLOTANTE FLOR DE LOTO GRANDE,600087,
101,VELA HALOGENADA P/ESTUFA 18/20/22/24/26,390104,
PLANET,"VELADOR ""PLANET"" CHAPA PERFORADA",2044421,
V128,"VELADOR ""PORTO"" JAULITA",2322544,
RASTER,"VELADOR ""RASTER"" CHAPA PERFORADA",2044421,
VE004,VELADOR 43CM C/PANTALLA ORGANZA,3607496,
VE001,VELADOR ALTO PANTALLA CIRCULAR,4258444,
VA15,VELADOR AROMATICO NUMERO 15,3490003,
VA17,VELADOR AROMATICO NUMERO 17,3490003,
VA19,VELADOR AROMATICO NUMERO 19,3490003,
VA28,VELADOR AROMATICO NUMERO 28,4790027,
VA44,VELADOR AROMATICO NUMERO 44,3590070,
VA45,VELADOR AROMATICO NUMERO 45,4190109,
VA46,VELADOR AROMATICO NUMERO 46,4890094,
VA54,VELADOR AROMATICO NUMERO 54,4290055,
VA6,VELADOR AROMATICO NUMERO 6,3950045,
VB01,VELADOR C/BOCHITA RAYADA CROMO Y BCO/NG,3108006,
366-O,VELADOR CAÑO 3/8 PANTALLA ORGANZA C/LAMP,2235416,
VC1,VELADOR CERAMICA,3649283,
CIRC,VELADOR CIRCULAR MADERA,3377524,
VCC1,VELADOR CONO CERAMICA,5985475,
VCV,VELADOR CROMADO BOCHA VIDRIO/CERAMICA,5924160,
VCV-2,VELADOR CROMADO DOBLE BOCHA VIDRIO/CERAM,6753542,
VCROM,VELADOR CROMO RECTO,4381627,
VH1,VELADOR CURVO HIERRO,1421798,
MDF2,VELADOR DAMAJUNA MDF,3292484,
VM1,VELADOR DE MESA C/PANTALLA CIRCULAR,12559219,
VP19,VELADOR DE PARED FLEXIBLE C/TECLA,5553900,
V52,VELADOR DECO C/LAMPARA VINTAGE,5095122,
BM,VELADOR GLOBITO BASE METAL,2737391,
9100,VELADOR GLOBO BASE MADERA,4361770,
9020PLATIL,VELADOR GLOBO PLATIL,5498546,
9022PLATIL,VELADOR GLOBO PLATIL,5498546,
VELH,VELADOR HIERRO,3412316,
CH10,VELADOR HIERRO RECTO CP,1980044,
HMAD,VELADOR HONGUITO BASE MADERA,3961161,
HPVC,VELADOR HONGUITO PVC,2200022,
INF,VELADOR INFANTIL FIJO,1690007,
81030,VELADOR LED USB 3 TONOS CABEZAL RECTANG.,1090089,
81031,VELADOR LED USB DOBLE CABEZAL 3 TONOS,1490115,
VELZ,VELADOR LED ZAPATILLA USB,701600,
LOTITA,VELADOR LOTITA PVC,1913931,
VM01,VELADOR MADERA ECO,2500102,
G2,VELADOR MINI RGB RELOJ/PARLANTE/CARGADOR,1590061,
VX1,VELADOR MIXTO BLANCO Y PLATIL,3080563,
NORD7,"VELADOR NORDICO ""Z""",2490819,
NORD8,VELADOR NORDICO 4 PATAS,2490819,
NORD6,VELADOR NORDICO BASE TRIANGULAR,3025537,
NORD2,VELADOR NORDICO C/CABEZAL METALICO,2645922,
NORD5,VELADOR NORDICO C/LAPICERO,3853958,
NORD1,VELADOR NORDICO C/PANTALLA,1857030,
NORD4,VELADOR NORDICO HIERRO NEGRO TEXTURADO,2953501,
PILAR,VELADOR PILAR MADERA,3935942,
VP1,VELADOR PLASTICO ECO,1690007,
PRISMA,VELADOR PRISMA MADERA,4322106,
QS6612,VELADOR RECARGABLE LED QS6612,1179003,
8603,VELADOR RECTO BCO/NEGRO,3025057,
G1,VELADOR RGB RELOJ/PARLANTE/CARGADOR,2750088,
TORRE,VELADOR TORRE MUNDO APARTE,2130734,
9201PLATIL,VELADOR TRIPODE CHICO,4379542,
9202PLATIL,VELADOR TRIPODE GRANDE,5204673,
SH8,VELAS P/HORNITO X 12,449344,
VT1,VENTILADOR C/LUZ C/ROSCA E27,4590014,
PARED20,"VENTILADOR DE PARED 20"" TITANIO",14301888,
PIE20,"VENTILADOR DE PIE 20"" CRIVEL",14301888,
12003,VENTILADOR TECHO CHAPA ECO,14301888,
12000,VENTILADOR TECHO CHAPA VENTISTAR,14301888,
12004,VENTILADOR TECHO MADERA ECO,16190816,
12001,VENTILADOR TECHO MADERA VENTISTAR,16190816,
12002,VENTILADOR TECHO PLATIL VENTISTAR,26986936,
TURBO16,"VENTILADOR TURBO 16"" BELITA",5590079,
TURBO20,"VENTILADOR TURBO 20"" BELITA",6290064,
11050,VERONA 1 PTO EMB.,192285,
11053,VERONA 1 TOMA EMB.,199867,
11057,VERONA 2 COMBINACION EMB.,275588,
11051,VERONA 2 PTOS EMB.,264468,
11054,VERONA 2 TOMAS EMB.,279632,
11058,VERONA 3 COMBINACION EMB.,353331,
11052,VERONA 3 PTOS EMB.,337156,
11055,VERONA 3 TOMAS EMB.,359397,
20510,VERONA ADAPT.RIEL DIN,60506,
20504,VERONA BASE CUADRUPLE P/CARCAZA,146701,
20502,VERONA BASE DOBLE P/CARCAZA,55198,
20505,VERONA BASE QUINTUPLE P/CARCAZA,176742,
20501,VERONA BASE SIMPLE P/CARCAZA,32907,
20503,VERONA BASE TRIPLE P/CARCAZA,109866,
15081,VERONA BASTIDOR 5X5,43973,
15080,VERONA BASTIDOR OCULTO,43977,
20500,VERONA CARCAZA,42592,
40031,VERONA MODULO 1/2 PUNTO Y 1/2 CIEGO,120180,
40034,VERONA MODULO 2 1/2 COMBINACION,227972,
10274,VERONA MODULO AUTOMATICO DE PALIER,1503432,
40053,VERONA MODULO COMBINACION,100212,
40038,VERONA MODULO INTERRUPTOR P/PERSIANA,112527,
40052,VERONA MODULO PULSADOR,87954,
40039,VERONA MODULO PULSADOR P/PERSIANA,117420,
40051,VERONA MODULO PUNTO,82393,
40011,VERONA MODULO TELEFONO,337500,
20067,VERONA MODULO TOMA 10A,89976,
20059,VERONA MODULO TOMA 20A,167504,
60028,VERONA MODULO TOMA DOBLE,251402,
40013,VERONA MODULO TV,343808,
USB,VERONA MODULO USB,1384711,
11070,VERONA MODULO VARIADOR VENT/LUZ,994802,
11079,VERONA PTO EXTERIOR,153666,
11060,VERONA PTO Y COMBINACION EMB.,270028,
11059,VERONA PTO Y TOMA EMB.,272050,
11062,VERONA PULSADOR EMBUTIR,197845,
11061,"VERONA PUNTO, COMB.Y TOMA EMB.",348782,
30099/2,VERONA TAPA BLANCA 5X5,45490,
30098/2,VERONA TAPA BLANCA REGINA,45493,
JECO,VERONA TAPA COLOR,205942,
40002,VERONA TAPA ESTANCO,356708,
20092,VERONA TAPA MODULO,10211,
11080,VERONA TOMA 10A EXTERIOR,169311,
11081,VERONA TOMA 20A EXTERIOR,236717,
6050,VOLTIMETRO DIGITAL ENCHUFABLE,444602,
AD22DS,VOLTIMETRO MINI DIGITAL REDONDO TBC,1623310,
YYC,YIN YAN CHICO,629372,
YYG,YIN YAN GRANDE,786715,
Z6,ZAPATILLA 3 TOMAS 10A + 2 USB RICHI,2202893,
Z2,"ZAPATILLA 4T 1,5 MTS RICHI/NECCO",1437559,
Z3,"ZAPATILLA 4T 2,5/3 MTS RICHI/LOGIC",1828570,
Z4,ZAPATILLA 4T 5 MTS RICHI/LOGIC,2633273,
Z1,ZAPATILLA 4T S/CABLE RICHI/LOGIC,734833,
Z8,ZAPATILLA 5 TOMAS + 2 USB C/CABLE,1950036,
Z5,"ZAPATILLA 6T 1,5 MTS RICHI/LOGIC",1702461,
Z7,ZAPATILLA 6T S/CABLE RICHI/LOGIC,1231478,
18015,ZOCALO DOBLE C/ROTOR CABLEADO,199892,
18013,ZOCALO FLEXIBLE JUEGO,170005,
18012,ZOCALO G9 CABLEADO,102124,
18014,ZOCALO GU10 CABLEADO,84700,
18011,ZOCALO P/TUBO CIRCULAR CABLEADO,300080,
4010,ZOCALO SIMPLE C/ROTOR,87846,
